,Phno,name
0,833200599990523524348332005999,SRI  ASHOK BENDALAM
1,9949175851,SRI  SEEDIRI APPALARAJU
2,9440196777,SRI  ATCHANNAIDU KINJARAPU
3,9899279259,SMT. REDDY SHANTHI
4,9959865756,SRI  DHARMANA PRASADA RAO
5,88972389999849141530,SRI  THAMMINENI SEETHARAM
6,94401950118639682826,SRI  GORLE KIRAN KUMAR
7,94401956669848105520,SRI  DHARMANA KRISHNA DAS
8,99496666599440215645,SRI  KAMBALA JOGULU
9,9652072056,SMT. VISWASARAYI KALAVATHI
10,76740844638985555511,SMT. PAMULA PUSHPA SREEVANI
11,9440527345,SRI  ALAJANGI JOGARAO
12,7893504567944083039797047335527,SRI  RAJANNA DORA PEEDIKA
13,9440193362,SRI  SAMBANGI VENKATA CHINA APPALA NAIDU
14,79975119999502132777,SRI  BOTCHA SATYANARAYANA
15,9440194424,SRI  BOTCHA APPALA NARASAYYA
16,9440543938,SRI  BADDUKONDA APPALA NAIDU
17,9848145222,SRI  KOLAGATLA VEERABHADRA SWAMY
18,991258585897016488566305391744,SRI  KADUBANDI SRINIVASA RAO
19,9849555252,SRI  MUTTAMSETTI SRINIVASA RAO
20,9393120999,SRI  RAMAKRISHNA BABU VELAGAPUDI
21,9701775599,SRI  VASUPALLI  GANESH KUMAR
22,9542222222,SRI  GANTA SRINIVASA RAO
23,9849114022,SRI  P.G.V.R NAIDU
24,988557136199123779889492238112,SRI  TIPPALA NAGIREDDY
25,98481901169866190116,SRI  KARANAM DHARMASRI
26,9676548809,SRI  BUDI MUTYALA NAIDU
27,9492343385,SRI  CHETTI PALGUNA
28,89858885956305412122,SMT. KOTTAGULLI BHAGYA LAKSHMI
29,994833399993463339997013267966,SRI  GUDIVADA AMARNATH
30,8142447777,SRI  ANNAMREDDY ADEEP RAJ
31,9849777799,SRI  UPPALAPATI VENKATA RAMANAMURTHY RAJU
32,9849909040,SRI  GOLLA BABU RAO
33,9849233695,SRI  PETLA UMA SANKARA GANESH
34,76619777779177229999,SRI  DADISETTI RAJA
35,9849136649,SRI  PARVATHA SRI PURNACHANDRA PRASAD
36,9848756699,SRI  PENDEM DORABABU
37,9848172411,SRI  KURASALA KANNABABU
38,9848160743,SRI  NIMMAKAYALA CHINA RAJAPPA
39,9866697335,DR. SATHI SURYANARAYANA REDDY
40,9848160000,SRI  DWARAMPUDI CHANDRASHEKAR REDDY
41,99596134569849549456,SRI  CHELLUBOYINA SRINIVASA VENUGOPALAKRISHNA
42,9849411799,SRI  PONNADA VENKATA SATISH KUMAR
43,8106990234,SRI  PINIPE VISWARUPU
44,9949712555,SRI  RAPAKA VARA PRASADA RAO
45,9949027422,SRI  KONDETI CHITTIBABU
46,94904999999849255567,SRI  CHIRLA JAGGI REDDY
47,9849399999,SRI  VEGULLA JOGESWARA RAO
48,99852555559849911111,SRI  JAKKAMPUDI RAJA
49,9348317040,SMT. ADIREDDY BHAVANI
50,9848032405,SRI  GORANTLA BUTCHAIAH CHOWDARY
51,7799955555,SRI  JYOTHULA CHANTIBABU
52,7901662222,SMT. NAGULAPALLI DHANALAKSHMI
53,9490032112,SMT. TANETI VANITA
54,9440597797,SRI  G SRINIVAS NAIDU
55,9848135555,SRI  CHERUKUWADA SRI RANGANATHA RAJU
56,9247731129,DR. NIMMALA RAMA NAIDU
57,9848899199,SRI  MUDUNURI NAGA RAJA VARA PRASAD RAJU
58,9848234449,SRI  GRANDHI SRINIVAS
59,9849673457,SRI  MANTENA RAMARAJU
60,96662555559591662222,SRI  KARUMURI VENKATA NAGESWARA RAO
61,9393159393,SRI  KOTTU SATYANARAYANA
62,931389999994910677779491068894,SRI  PUPPALA SRINIVASA RAO
63,95815599999866764567,SRI  KOTHARI ABBAYA CHOWDARY
64,9848509999,SRI  ALLA KALI KRISHNA SRINIVAS
65,9491375007,SRI  TALARI VENKATRAO
66,94405178399849855444,SRI  TELLAM BALA RAJU
67,83673747679000068634,SRI  VUNNAMATLA ELIZA
68,9989082197,SRI  KOKKILIGADDA  RAKSHANA NIDHI
69,86562325159848113559,SRI  MEKA VENKATA PRATAP APPARAO
70,94911226449848022644,DR. VALLABHANENI VAMSI MOHAN
71,910022956781069222999949173345,SRI  KODALI SRI VENKATESHWARA RAO
72,9866822231,SRI  DULAM  NAGESWARA RAO
73,90599855559848047522,SRI  JOGI RAMESH
74,9440227099,SRI  PERNI VENKATA RAMAIAH
75,9440820251,SRI  SIMHADRI RAMESH BABU
76,9949418777,SRI  KAILE ANIL KUMAR
77,98483041129698359999,SRI  KOLUSU PARTHA SARATHY
78,9440611111,SRI  VELLAMPALLI SRINIVASA RAO
79,98481443999989133344,SRI  MALLADI VISHNU
80,9848120700,SRI  GADDE RAMA MOHAN
81,9849981990,SRI  VASANTHA VENKATA KRISHNA PRASAD
82,9247744734,DR. MONDITOKA JAGAN MOHANA RAO
83,9848779907,SRI  SAMINENI UDAYA BHANU
84,9959978555,SRI  NAMBURU SANKARA RAO
85,94927743519032128643,SMT. VUNDAVALLI SRIDEVI
86,991247124798666612478885551247,SRI  ALLA RAMA KRISHNA REDDY
87,9866774445,SRI  KILARI VENKATA ROSAIAH
88,9000456706,SRI  MERUGU NAGARJUNA
89,99120777779676447777,SRI  ANAGANI SATYA PRASAD
90,9848157070,SRI  ANNABATHUNI SIVA KUMAR
91,7702233663,SRI  KONA RAGHUPATHI
92,9908355663,SMT. MEKATHOTI SUCHARITHA
93,9000992789,SRI  MADDALI GIRIDHARA RAO
94,93941529079703788899,SRI  MOHAMMAD MUSTHAFA SHAIK
95,9817981736,SMT. VIDADALA RAJINI
96,94409933999440442244,DR. GOPIREDDY SRINIVASA REDDY
97,94403079998978307999,SRI  AMBATI RAMBABU
98,9848157536,SRI  BOLLA BRAHMA NAIDU
99,9848322222,SRI  KASU MAHESH REDDY
100,9866394562,SRI  PINNELLI RAMA KRISHNA REDDY
101,9440383942,SRI  AUDIMULAPU SURESH
102,9880440133,SRI  MADDISETTY VENUGOPAL
103,99666757899885175789,SRI  YELURI SAMBASIVA RAO
104,9848525717,SRI  GOTTIPATI RAVI KUMAR
105,94402017179849054954,SRI  KARANAM BALARAMA KRISHNA MURTHY
106,9866075828,SRI  T.J.R SUDHAKAR BABU
107,9885999666,SRI  BALINENI SRINIVASA REDDY
108,94910949109550000000,SRI  MANGUNTA MAHEEDHAR REDDY
109,984913490308592278221,DR. DOLA SREE BALA VEERANJANEYA SWAMY
110,9000001137,SRI  KUNDURU NAGARJUNA REDDY
111,9153049999,SRI  ANNA RAMBABU
112,84022739999849008835,SRI  BURRA MADHU SUDHAN YADAV
113,970485111509845048311,SRI  RAMI REDDY PRATAP KUMAR REDDY
114,88110099996281559373,SRI  MEKAPATI GOUTHAM REDDY
115,98490488559989649999,SRI  NALLAPAREDDY PRASANNA KUMAR REDDY
116,98850000447873456789,SRI  ANIL KUMAR POLUBOINA
117,9849492225,SRI  KOTAMREDDY SRIDHAR REDDY
118,9849020556,SRI  KAKANI GOVARDHANA REDDY
119,9490567444,SRI  VELAGAPALLI VARAPRASAD RAO
120,81214699999849145099,SRI  SANJEEVAIAH KILIVETI
121,98490488559441220555,SRI  ANAM RAMANARAYANA REDDY
122,9440504190,SRI  MEKAPATI CHANDRA SEKHAR REDDY
123,98494179349849417934,SRI  G VENKATASUBBAIAH
124,9000702255949074123408565241234,SRI  MEDA VENKATA MALLIKARJUNA REDDY
125,9948020786,SRI  AMZATH BASHA  SHAIK BEPARI
126,9440419305,SRI  KORAMUTLA SRINIVASULU
127,9866504367,SRI  GADIKOTA SRIKANTH REDDY
128,9849904123,SRI  Y.S. JAGAN MOHAN REDDY
129,90000230698978380666,SRI  POCHIMAREDDY RAVINDRANATH REDDY
130,7730011111,SRI  MULE SUDHEER REDDY
131,984991839008564251447,SRI  RACHAMALLU SIVA PRASAD REDDY
132,994819595908564242737,SRI  RAGHURAMI REDDY SETTIPALLY
133,9949176767,SRI  GANGULA BRIJENDRA REDDY
134,9666002121,SRI  SILPA CHAKRAPANI REDDY
135,9652167576,SRI  THOGURU ARTHUR
136,9396671600,SRI  ABDUL HAFEEZ KHAN
137,944025121908518232424,SRI  KATASANI RAMABHUPAL REDDY
138,9000188885,SRI  SHILPA RAVI CHANDRA KISHORE REDDY
139,944082999908515227085,SRI  KATASANI RAMI REDDY
140,9000526788,SRI  BUGGANA RAJENDRANATH
141,96033232329885291632,SMT. KANGATI SREEDEVI
142,8985703487,SRI  JARADODDI SUDHAKAR
143,9440554531,SRI  CHENNA KESAVA REDDY
144,98852473999000388459,SRI  Y BALA NAGI REDDY
145,98854187007702255566,SRI  Y SAI PRASAD REDDY
146,98499391719492393712,SRI  GUMMANUR JAYARAM
147,92234888889701698777,SRI  KAPU RAMCHANDRA REDDY
148,9848032984,SRI  PAYYAVULA KESHAV
149,9885123656,SRI  Y VENKATARAMA REDDY
150,9848861188,SRI  K PEDDA REDDY
151,9515511111,SMT. JONNALAGADDA PADMAVATHY
152,9440055999,SRI  ANANTHA VENKATARAMI REDDY
153,9686333999,SMT. K.V. USHASRI CHARAN
154,8978779897,SRI  THOPUDURTHI PRAKASH REDDY
155,9440273734,SRI  DR. MOPURUGUNDU THIPPESWAMY
156,970440012304023607609,SRI  BALAKRISHNA NANDAMURI
157,9391745699,SRI  MALAGUNDLA SANKARANARAYANA
158,9866070634,SRI  DUDDUKUNTA SREEDHAR REDDY
159,986656656508559222265,SRI  KETHIREDDY VENKATARAMI REDDY
160,9000585859,SRI  P.V. SIDDA REDDY
161,9491030131,SRI  PEDDIREDDI DWARAKANATHA REDDY
162,8008272999,SRI  CHINTALA RAMACHANDRA REDDY
163,9849354999,SRI  M NAWAZ BASHA
164,9490951909,DR. PEDDIREDDI RAMACHANDRA REDDY
165,96766999999849545556,SRI  CHEVIREDDY BHASKAR REDDY
166,939360381876800224479848622446,SRI  BHUMANA KARUNAKAR REDDY
167,9845009152,SRI  BIYYAPU MADHUSUDHAN REDDY
168,9393730377,SRI  KONETI ADIMULAM
169,72072979799000400616,SMT. R.K. ROJA
170,9849034091,SRI  K NARAYANASWAMY
171,94402225559030890901,SRI  ARANII SRENEVASULU
172,96320011227569796177,SRI  M BABU
173,9980851166,SRI  N VENKATE GOWDA
174,99635100049705710004,SRI  NARA CHANDRA BABU NAIDU
