photo_link,name,portfolio,details,constituencies
https://www.ap.gov.in/wp-content/themes/ap-portal/images/mlas/Kapu ramchandra reddy.jpg,Sri Kapu Ramachandra Reddy,Party: Yuvajana Sramika Rythu Congress Party Constituency: Rayadurg,"Address:D.NO.10-1-33, Lakshmi Bazar,
Rayadurg Town,Ananthapur District,AP.",Rayadurg
https://www.ap.gov.in/wp-content/themes/ap-portal/images/mlas/Payyavula keshav.jpg,Sri Payyavula Keshav,Party: Telugu Desam Party Constituency:Uravakonda,"Address:D.No.1-35, Pedda Kowkuntla Village,
Uravakonda Mandal, Ananthapuram Dist,AP.",Uravakonda
https://www.ap.gov.in/wp-content/themes/ap-portal/images/mlas/Y Venkatarama reddy.jpg,Sri Y.Venkatarama Reddy,Party: Yuvajana Sramika Rythu Congress Party Constituency: Guntakal,"Address:D.NO.20-184-15-A, Hanumesh Nagar,
Guntakal,Anantapuram Dist",Guntakal
https://www.ap.gov.in/wp-content/themes/ap-portal/images/mlas/Peddareddy.jpeg,Sri K. Pedda Reddy,Party: Yuvajana Sramika Rythu Congress Party Constituency: Tadipatri,"Address:H.NO.07/157, Thimmampalli Village,
Yellanuru Mandal,Anantapuramu Dist,AP.",Tadipatri
https://www.ap.gov.in/wp-content/themes/ap-portal/images/mlas/Jonnalagadda Padmavathy.jpg,Smt Jonnalagadda Padmavathy,Party: Yuvajana Sramika Rythu Congress Party Constituency: Singanamala (SC),"Address:D.No.6-1-160-18,Laxmi Nagar,
Thammabhoomi Road,Anantapuram,AP.",Singanamala (SC)
https://www.ap.gov.in/wp-content/themes/ap-portal/images/mlas/Anantha Venkatarami reddy.jpg,Sri Anantha Venkatarami Reddy,Party: Yuvajana Sramika Rythu Congress Party Constituency: Anantapur Urban,"Address: D.NO.7-370, Court Road,
Anantapuram, Ananthapur Dist,AP.",Anantapur Urban
https://www.ap.gov.in/wp-content/themes/ap-portal/images/mlas/KV Ushasri charan.jpg,Smt K.V.Ushasri Charan,Party: Yuvajana Sramika Rythu Congress Party Constituency: Kalyandurg,"Address:D.NO:8-2457, Near Brahmaiah Temple,
Kalyandurg Town & Mandal, Anantapuramu District,AP.",Kalyandurg
https://www.ap.gov.in/wp-content/themes/ap-portal/images/mlas/T prakash reddy.jpg,Sri Thopudurthi Prakash Reddy,Party: Yuvajana Sramika Rythu Congress Party Constituency: Raptadu,"Address:H.NO.1-44, Thopudurthi Village,
Atmakur Mandal,Ananthapur Dist,AP.",Raptadu
https://www.ap.gov.in/wp-content/themes/ap-portal/images/mlas/Dr M Thippeswamy.jpg,DR.Mopurugundu Thippeswamy,Party: Yuvajana Sramika Rythu Congress Party Constituency: Madakasira (SC),"Address:D.No.15-245-4, Adireddypalyam,
Madakasira, Anantapuramu Dist,AP.",Madakasira (SC)
https://www.ap.gov.in/wp-content/themes/ap-portal/images/mlas/BALAKRISHNA-NANDAMURI.png,Sri Balakrishna Nandamuri,Party: Telugu Desam Constituency: Hindupur,"Address:D.NO.26-4-1462/18, Chowdeswari Colony,
Hindupur, Anantapur, Anantapur Dist,AP.",Hindupur
https://www.ap.gov.in/wp-content/themes/ap-portal/images/mlas/M sankaranarayana.jpg,Sri Malagundla Sankaranarayana,Party: Yuvajana Sramika Rythu Congress Party Constituency: Penukonda,"Address:D.No.1/273, Beside ADCC Bank,
Penukonda,Anantapuramu Dist,AP.",Penukonda
https://www.ap.gov.in/wp-content/themes/ap-portal/images/mlas/D Sreedhar Reddy.jpg,Sri Duddukunta Sreedhar Reddy,Party: Yuvajana Sramika Rythu Congress Party Constituency: Puttaparthi,"Address:D.No.18-157-A1, Nallasingaiahgari Palli Vill,
Reddi Palli Post, Nallamanda Mandal,Anantapur Dist,AP.",Puttaparthi
https://www.ap.gov.in/wp-content/themes/ap-portal/images/mlas/K venkatarami Reddy.jpg,Sri Kethireddy Venkatarami Reddy,Party: Yuvajana Sramika Rythu Congress Party Constituency: Dharmavaram,"Address:H.No.15/84, State Bank Colony,
Darmavaram, Anantapur District, A.P.",Dharmavaram
https://www.ap.gov.in/wp-content/themes/ap-portal/images/mlas/PV Sidda Reddy.jpg,Sri P.V.Sidda Reddy,Party: Yuvajana Sramika Rythu Congress Party Constituency: Kadiri,"Address:D.No.1/616-2B,Sainath Hospital,
R S Road, Kadiri, Anantapuramu Dist,AP.",Kadiri
https://www.ap.gov.in/wp-content/themes/ap-portal/images/mlas/P Dwarakanatha Reddy.jpg,Sri Peddireddi Dwarakanatha Reddy,Party: Yuvajana Sramika Rythu Congress Party Constituency:Thamballapalle,"Address:D.No.1-97, Yerrathivaripalle Village,
Sodum Post and Mandal,Chittoor Dist,AP.",Thamballapalle
https://www.ap.gov.in/wp-content/themes/ap-portal/images/mlas/Ch Ramachandra reddy.jpg,Sri Chintala Ramachandra Reddy,Party: Yuvajana Sramika Rythu Congress Party Constituency: Pileru,"Address:D.No.2-72, Jarravaripalli Vill & Post,
Valmikipuram Mandal,Chittoor Dist,AP.",Pileru
https://www.ap.gov.in/wp-content/themes/ap-portal/images/mlas/M Nawaz Basha.jpg,Sri M.Nawaz Basha,Party: Yuvajana Sramika Rythu Congress Party Constituency: Madanapalle,"Address:D.No.15-16, Behind Axis Bank,
CTM Road, Madanapalle,Chittoor Dist,AP.",Madanapalle
https://www.ap.gov.in/wp-content/themes/ap-portal/images/mlas/PEDDIREDDIGARI-RAMACHANDRA-REDDY.png,Sri Peddireddi Ramachandra Reddy,Party: Yuvajana Sramika Rythu Congress Party Constituency: Punganur,"Address:D.No.1-97, Yerrathivaripalle Village,
Sodum Post and Mandal,Chittoor Dist,AP.",Punganur
https://www.ap.gov.in/wp-content/themes/ap-portal/images/mlas/Chevireddy Bhaskar Reddy.jpg,Sri Chevireddy Bhaskar Reddy,Party: Yuvajana Sramika Rythu Congress Party Constituency: Chandragiri,"Address:D.NO.1-4, New D.No.1-32,
Thummalagunta Village, Tirupati Rural Mandal,Chittoor District,AP.",Chandragiri
https://www.ap.gov.in/wp-content/themes/ap-portal/images/mlas/B Karunakar Reddy.jpg,Sri Bhumana Karunakar Reddy,Party: Yuvajana Sramika Rythu Congress Party Constituency:Tirupati,"Address:H. No 7/84, Padmavathipuram,
Tiruchanoor Road, Tirupati-517503, Chittoor Dist, AP.",Tirupati
https://www.ap.gov.in/wp-content/themes/ap-portal/images/mlas/Biyyapu Madhusudhan Reddy.jpg,Sri Biyyapu Madhusudhan Reddy,Party: Yuvajana Sramika Rythu Congress Party Constituency:Srikalahasti,"Address:D.No.15-507/6, A.M.Puttur,
Pangal,Sreedhar Reddy Gardens,Srikalahasti Town,Chittoor District,AP.",Srikalahasti
https://www.ap.gov.in/wp-content/themes/ap-portal/images/mlas/K Adimulam.jpg,Sri Koneti Adimulam,Party: Yuvajana Sramika Rythu Congress Party Constituency:Satyavedu (SC),"Address:H.NO.#1,Bheemuni Cheruvu Village and Post,
Narayanavanam Mandal,Chittoor Dist,AP.",Sathyavedu (SC)
https://www.ap.gov.in/wp-content/themes/ap-portal/images/mlas/RK Roja.jpg,Smt R.K Roja,Party: Yuvajana Sramika Rythu Congress Party Constituency:Nagari,"Address:D.No.10-14-241/5, Mandapam,
Revenue ward No.10, Nagari,Chitoor District,AP.",Nagari
https://www.ap.gov.in/wp-content/themes/ap-portal/images/mlas/K Narayanaswamy.jpg,Sri K.Narayanaswamy,Party: Yuvajana Sramika Rythu Congress Party Constituency:Gangadhara Nellore (SC),"Address:D.No.1-155, SBI Colony, Puttur , Chitoor District,AP.",Gangadhara Nellore (SC)
https://www.ap.gov.in/wp-content/themes/ap-portal/images/mlas/Aranji Srenevasulu.jpg,Sri Aranii Srinivasulu,Party: Yuvajana Sramika Rythu Congress Party Constituency:Chittoor,"Address:D.No.24-19, Lakshmi Nagar Colony,
Kongareddy Palli, Chitoor District,AP.",Chittoor
https://www.ap.gov.in/wp-content/themes/ap-portal/images/mlas/M Babu.jpg,Sri M.Babu,Party: Yuvajana Sramika Rythu Congress Party Constituency:Puthalapattu (SC),"Address:D.No.7-25, No.5 Venkatapuram,
H/Wada, B.N.R. Peta Post, Chittoor Rural Mandal, Chitoor District,AP.",Puthalapattu (SC)
https://www.ap.gov.in/wp-content/themes/ap-portal/images/mlas/N Venkate Gowda.jpg,Sri N.Venkate Gowda,Party: Yuvajana Sramika Rythu Congress Party Constituency:Palamaner,"Address:H.No. 2-5, Thotakanuma Village,
V.Kota Mandal,Chittoor Dist,AP.",Palamaner
https://www.ap.gov.in/wp-content/themes/ap-portal/images/mlas/NARA-CHANDRA-BABU-NAIDU.png,Sri Nara Chandra Babu Naidu,Party: Telugu Desam Constituency:Kuppam,"Address:Naravaripally,
Kuppam,Chittoor Dist,AP.",Kuppam
https://www.ap.gov.in/wp-content/themes/ap-portal/images/mlas/DADISETTI-RAJA.png,Sri Dadisetti Ramalingeswara Rao (Raja),Party: Yuvajana Sramika Rythu Congress Party Constituency: Tuni,"Address:Door.No.3-30,
S.Annavaram Village, Tuni Mandal, East Godavari District,AP.",Tuni
https://www.ap.gov.in/wp-content/themes/ap-portal/images/mlas/parvatha purnachandra prasad.jpg,Sri Parvatha Purnachandra Prasad,Party: Yuvajana Sramika Rythu Congress Party Constituency:Prathipadu,"Address:Door.No.4-29/5, Padalavariveedhi,
Sankavaram Village and Mandal, East Godavari, Dist,AP.",Prathipadu
https://www.ap.gov.in/wp-content/themes/ap-portal/images/mlas/pendem dorababu.jpg,Sri Pendem Dorababu,Party: Yuvajana Sramika Rythu Congress Party Constituency:Pithapuram,"Address:Door.No.5-2-132, Rajugarikota,
Pithapuram Mandal, East Godavari District,AP.",Pithapuram
https://www.ap.gov.in/wp-content/themes/ap-portal/images/mlas/kurasala kannababu.jpg,Sri Kurasala Kannababu,Party: Yuvajana Sramika Rythu Congress Party Constituency:Kakinada Rural,"Address:Door.No.70-3-40/5A, Vaidhya Nagar,
Road No-3, Ramanayyapeta, Kakinada, East Godavari District,AP.",Kakinada Rural
https://www.ap.gov.in/wp-content/themes/ap-portal/images/mlas/NIMMAKAYALA-CHINA-RAJAPPA.png,Sri Nimmakayala China Rajappa,Party: Telugu Desam Constituency:Peddapuram,"Address:Door.No.12-2-33/2, Venkata Rangayya Nagar,
Amalapuram, East Godavari District,AP.",Peddapuram
https://www.ap.gov.in/wp-content/themes/ap-portal/images/mlas/sathi suryanarayana reddy.jpg,DR.Sathi Suryanarayana Reddy,Party: Yuvajana Sramika Rythu Congress Party Constituency:Anaparthy,"Address: D.No.1-10-1A, Railway Station Road,
Anaparthi Village and Mandal, East Godavari District,AP.",Anaparthy
https://www.ap.gov.in/wp-content/themes/ap-portal/images/mlas/dwarampudi chandrashekar reddy.jpg,Sri Dwarampudi Chandrashekar Reddy,Party: Yuvajana Sramika Rythu Congress Party Constituency:Kakinada City,"Address:D.No.02-46-7/1, Villa Vari Veedhi,
Venkat Nagar, Kakinada, East Godavari District,AP.",Kakinada City
https://www.ap.gov.in/wp-content/themes/ap-portal/images/mlas/srinivasa gopalakrishna.jpg,Sri Chelluboyina Srinivasa Gopalakrishna,Party: Yuvajana Sramika Rythu Congress Party Constituency:Ramachandrapuram,"Address:Door.No. 21-3-2-1/1, Taluka Office Street,
Ramachandrapuram, East Godavari District,AP.",Ramachandrapuram
https://www.ap.gov.in/wp-content/themes/ap-portal/images/mlas/venkata satish kumar.jpg,Sri Ponnada Venkata Satish Kumar,Party: Yuvajana Sramika Rythu Congress Party Constituency:Mummidivaram,"Address:Door.No. 15-152, TTR Nagar,
Mummidivaram Nagar Panchayat & Mandal, East Godavari District,AP.",Mummidivaram
https://www.ap.gov.in/wp-content/themes/ap-portal/images/mlas/pinipe viswarupu.jpg,Sri Pinipe Viswarupu,Party: Yuvajana Sramika Rythu Congress Party Constituency:Amalapuram (SC),"Address: D.No: 12-2-99, C R R Residency,
HB Colony, Amalapuram Post and Mandal, East Godavari,AP.",Amalapuram (SC)
https://www.ap.gov.in/wp-content/themes/ap-portal/images/mlas/rapaka vara prasada rao.jpg,Sri Rapaka Vara Prasada Rao,Party: Jana Sena Party Constituency:Razole (SC),"Address: D.No.4-53, Beach Nagar,
Chintalamori Village, Malkipuram Mandal East Godavari District,AP.",Razole (SC)
https://www.ap.gov.in/wp-content/themes/ap-portal/images/mlas/kondeti chittibabu.jpg,Sri Kondeti Chittibabu,Party: Yuvajana Sramika Rythu Congress Party Constituency:Gannavaram (SC),"Address:D.No.5-136, B.S. Murthy Road,
Nagaram Village, Mamidikuduru Mandal, East Godavari District,AP.",Gannavaram (SC)
https://www.ap.gov.in/wp-content/themes/ap-portal/images/mlas/chirla jaggi reddy.jpg,Sri Chirla. Jaggi Reddy,Party: Yuvajana Sramika Rythu Congress Party Constituency:Kothapeta,"Address: H.No.6-10, Canal Road, Gopalapuram Village,
Ravulapalem Mandal, East Godavari District,AP.",Kothapeta
https://www.ap.gov.in/wp-content/themes/ap-portal/images/mlas/vegula jogeswara rao.jpg,Sri Vegula Jogeswara Rao,Party: Telugu Desam Party Constituency:Mandapeta,"Address:H.No.25-1-18, Patimeeda, Mandapeta,
East Godavari District,AP.",Mandapeta
https://www.ap.gov.in/wp-content/themes/ap-portal/images/mlas/jakkampudi raja.jpg,Sri Jakkampudi Raja,Party: Yuvajana Sramika Rythu Congress Party Constituency:Rajanagaram,"Address:Flat No 26, Sai Priya Enclave,
Suryarao Peta Village, Rajanagaram Mandal, East Godavari District,AP.",Rajanagaram
https://www.ap.gov.in/wp-content/themes/ap-portal/images/mlas/adireddy bhavani.jpg,Smt Adireddy Bhavani,Party: Telugu Desam Party Constituency:Rajahmundry City,"Address:D.No.86-26-13/1,Tilak Road,
V.L. Puram, Rajahmundry Urban, East Godavari District,AP.",Rajahmundry City
https://www.ap.gov.in/wp-content/themes/ap-portal/images/mlas/GORANTLA-BUTCHAIAH-CHOWDARY.png,Sri Gorantla Butchaiah Chowdary,Party: Telugu Desam Constituency:Rajahmundry Rural,"Address: D.No.78-6-28, Gandhipuram-3,
Rajahmundry City, East Godavari District,AP.",Rajahmundry Rural
https://www.ap.gov.in/wp-content/themes/ap-portal/images/mlas/hyothula chantibabu.jpg,Sri Jyothula Chantibabu,Party: Yuvajana Sramika Rythu Congress Party Constituency:Jaggampeta,"Address: D.No.1-110, Irripaka village,
Jaggampeta mandal, East Godavari District,AP.",Jaggampeta
https://www.ap.gov.in/wp-content/themes/ap-portal/images/mlas/nagulapalli dhanalakshmi.jpg,Smt Nagulapalli Dhanalakshmi,Party: Yuvajana Sramika Rythu Congress Party Constituency:Rampachodavaram (ST),"Address: D.No. 2-24, Rajanagaram Village, Addateegala Mandal, East Godavari District,AP.",Rampachodavaram (ST)
https://www.ap.gov.in/wp-content/themes/ap-portal/images/mlas/namburu sankara rao.jpg,Sri Namburu Sankara Rao,Party: Yuvajana Sramika Rythu Congress Party Constituency:Pedakurapadu,"Address:D.No.9-12, Kammavari Bazar, Temple Area,
Pedaparimi Village, Thulluru Mandal,AP.",Pedakurapadu
https://www.ap.gov.in/wp-content/themes/ap-portal/images/mlas/vundavalli sridevi.jpg,Smt Undavalli Sridevi,Party: Yuvajana Sramika Rythu Congress Party Constituency:Tadikonda (SC),"Address:D.No.21-25,Tadikonda Village & Mandal,
Guntur District,AP.",Tadikonda (SC)
https://www.ap.gov.in/wp-content/themes/ap-portal/images/mlas/ALLA-RAMA-KRISHNA-REDDY.png,Sri Alla Rama Krishna Reddy(RK),Party: Yuvajana Sramika Rythu Congress Party Constituency: Mangalagiri,"Address:D.No.1-50,
Pathur,Pedakakani (V&M),Guntur Dist,AP.",Mangalagiri
https://www.ap.gov.in/wp-content/themes/ap-portal/images/mlas/kilari venkata rosaiah.jpg,Sri Kilari Venkata Rosaiah,Party: Yuvajana Sramika Rythu Congress Party Constituency:Ponnur,"Address:D.No.3-29-68, Jute Mill Area,
Ring Road, Guntur, Guntur District,AP.",Ponnur
https://www.ap.gov.in/wp-content/themes/ap-portal/images/mlas/merugu nagarjuna.jpg,Sri Merugu Nagarjuna,Party: Yuvajana Sramika Rythu Congress Party Constituency:Vemuru (SC),"Address:H.No. 7-51, Vellaturu Village,
Bhattiprolu Mandal, Guntur District,AP.",Vemuru (SC)
https://www.ap.gov.in/wp-content/themes/ap-portal/images/mlas/ANAGANI-SATYA-PRASAD.png,Sri Anagani Satya Prasad,Party: Telugu Desam Party Constituency:Repalle,"Address:D.No.17-11-104,14th ward, Rangabomma Street,
Kissan Nagar, Repalle,Guntur District,AP.",Repalle
https://www.ap.gov.in/wp-content/themes/ap-portal/images/mlas/annabathuni siva kumar.jpg,Sri Annabathuni sivakumar,Party: Yuvajana Sramika Rythu Congress Party Constituency:Tenali,"Address:D.No.4-53-24, Library Road,
Ithanagar, Tenali, Guntur District,AP.",Tenali
https://www.ap.gov.in/wp-content/themes/ap-portal/images/mlas/KONA-RAGHUPATHI.png,Sri Kona Raghupathi,Party: Yuvajana Sramika Rythu Congress Party Constituency:Bapatla,"Address:H.No. 1-1-33/C,Chillaragollapalem,
9th Ward, M.R. Nagar,Bapatla,AP.",Bapatla
https://www.ap.gov.in/wp-content/themes/ap-portal/images/mlas/mekathoti sucharitha.jpg,Smt Mekathoti Sucharitha,Party: Yuvajana Sramika Rythu Congress Party Constituency:Prathipadu (SC),"Address:D.No. 9-20,
Main Road,Phirangipuram, Guntur Dist,AP.",Prathipadu (SC)
https://www.ap.gov.in/wp-content/themes/ap-portal/images/mlas/maddali giridhara rao.jpg,Sri Maddali Giridhara Rao,Party: Telugu Desam Party Constituency:Guntur West,"Address:D.No.24-10-52, 7th Lane Street,
R. Agraharam, Guntur, Guntur District,AP.",Guntur West
https://www.ap.gov.in/wp-content/themes/ap-portal/images/mlas/MOHAMMAD-MUSTHAFA-SHAIK.jpg,Sri Mohammad Musthafa Shaik,Party: Yuvajana Sramika Rythu Congress Party Constituency:Guntur East,"Address:D.No.42-10-464,
3rd Lane, Mangaldas Nagar, Guntur,AP.",Guntur East
https://www.ap.gov.in/wp-content/themes/ap-portal/images/mlas/vidadala rajini.jpg,Smt Vidadala Rajini,Party: Yuvajana Sramika Rythu Congress Party Constituency:Chilakaluripet,"Address:D.No. 36-137, Main Road,
Purushottamapatnam,Chilakaluripet, Guntur District,AP.",Chilakaluripet
https://www.ap.gov.in/wp-content/themes/ap-portal/images/mlas/DR.GOPIREDDY-SRINIVASA-REDDY.png,Dr.Gopireddy Srinivasa Reddy,Party: Yuvajana Sramika Rythu Congress Party Constituency:Narasaraopet,"Address:D.No. 16-2-137,Nayab Bazar,
Guntur Road, Narsaraopet, Guntur District,AP.",Narasaraopet
https://www.ap.gov.in/wp-content/themes/ap-portal/images/mlas/ambati rambabu.jpg,Sri Ambati Rambabu,Party: Yuvajana Sramika Rythu Congress Party Constituency:Sattenapalle,"Address:D.No. 10-9-6/2, Rice Mill Road,
13th Ward, Sattenapalli, Guntur District,AP.",Sattenapalle
https://www.ap.gov.in/wp-content/themes/ap-portal/images/mlas/bolla brahma naidu.jpg,Sri Bolla Brahma Naidu,Party: Yuvajana Sramika Rythu Congress Party Constituency:Vinukonda,"Address:D.No.3-29-1, Velpuru Village,
Savalyapuram Mandal, Guntur District,AP.",Vinukonda
https://www.ap.gov.in/wp-content/themes/ap-portal/images/mlas/kasu mahesh reddy.jpg,Sri Kasu Mahesh Reddy,Party: Yuvajana Sramika Rythu Congress Party Constituency:Gurajala,"Address:D.No:-12-1-18, Prakash Nagar,
Narasaraopet, Guntur District,AP.",Gurajala
https://www.ap.gov.in/wp-content/themes/ap-portal/images/mlas/RAMA-KRISHNA-REDDY-PINNELLI.png,Sri Rama Krishna Reddy Pinnelli,Party: Yuvajana Sramika Rythu Congress Party Constituency:Macherla,"Address:H.NO.1-111, Kandlakunta Village,
Veldurthy Mandal, Guntur District,AP.",Macherla
https://www.ap.gov.in/wp-content/themes/ap-portal/images/mlas/G venkatasubbaiah.jpg,Sri G.Venkatasubbaiah,Party: Yuvajana Sramika Rythu Congress Party Constituency: Badvel (SC),"Address:D.No.C-08-203, Old D.No.3/130,
Christian Line, Kadapa City and Corporation, Y.S.R Kadapa District,AP.",Badvel (SC)
https://www.ap.gov.in/wp-content/themes/ap-portal/images/mlas/MEDA-VENKATA-MALLIKARJUNA-REDDY.png,Sri Meda Venkata Mallikarjuna Reddy,Party: Yuvajana Sramika Rythu Congress Party Constituency:Rajampet,"Address:D.NO.1/11-3, Chennaiah garipalli (Village),
Lebaka Post, Nandalur Mandal, YSR Kadapa District,AP.",Rajampet
https://www.ap.gov.in/wp-content/themes/ap-portal/images/mlas/AMZATH-BASHA-S.-B.png,Sri Amzath Basha S. B,Party: Yuvajana Sramika Rythu Congress Party Constituency: Cuddapah,"Address:D.No.19/420, S.F.S. Street,
Kadapa, Y.S.R. District,AP.",Cuddapah
https://www.ap.gov.in/wp-content/themes/ap-portal/images/mlas/KORAMUTLA-SREENIVASULU.png,Sri Koramutla Sreenivasulu,Party: Yuvajana Sramika Rythu Congress Party Constituency: Kodur (SC),"Address:D.No.5-30, Reddivaripalli ,
Kodur Mandal, Kadapa District,AP.",Kodur (SC)
https://www.ap.gov.in/wp-content/themes/ap-portal/images/mlas/GADIKOTA-SRIKANTH-REDDY.png,Sri Gadikota Srikanth Reddy,Party: Yuvajana Sramika Rythu Congress Party Constituency: Rayachoti,"Address:D.No.10/1, Yerramreddigaripalli,
Suddamalla (V), Ramapuram (M), Y.S.R. District,AP.",Rayachoti
https://www.ap.gov.in/wp-content/themes/ap-portal/images/mlas/CM.jpeg,Sri Y.S.Jagan Mohan Reddy,Party: Yuvajana Sramika Rythu Congress Party Constituency: Pulivendla,"Address:3-9-77,Jayamma Colony,
Bhakarapuram,Pulivendula,YSR Kadapa Dist,AP.",Pulivendla
https://www.ap.gov.in/wp-content/themes/ap-portal/images/mlas/POCHIMAREDDY-RAVINDRANATH-REDDY.png,Sri Pochimareddy Ravindranath Reddy,Party: Yuvajana Sramika Rythu Congress Party Constituency: Kamalapuram,"Address:D.NO.1/491-1,
Smith Road,Z.P Road, Y.S.R.Kadapa District,AP.",Kamalapuram
https://www.ap.gov.in/wp-content/themes/ap-portal/images/mlas/M Sudheer Reddy.jpg,Sri Mule Sudheer Reddy,Party: Yuvajana Sramika Rythu Congress Party Constituency: Jammalamadugu,"Address:D.NO.2-159, Nadijuvvi Village,
Yerraguntla Mandal,Y.S.R. Kadapa District,AP.",Jammalamadugu
https://www.ap.gov.in/wp-content/themes/ap-portal/images/mlas/Rachamallu-Siva-Prasada-Reddy.png,Sri Rachamallu Siva Prasad Reddy,Party: Yuvajana Sramika Rythu Congress Party Constituency: Proddatur,"Address:D.No.28/391, Rameswaram,
Proddatur Town, Y.S.R. District,AP.",Proddatur
https://www.ap.gov.in/wp-content/themes/ap-portal/images/mlas/RAGHURAMIREDDY-SETTIPALLI.png,Sri Raghuramireddy Settipalli,Party: Yuvajana Sramika Rythu Congress Party Constituency: Mydukur,"Address:D.No.2/84-A,
A.Nakkaladinne Village, Chapadu Mandal, Kadapa District,AP.",Mydukur
https://www.ap.gov.in/wp-content/themes/ap-portal/images/mlas/KOKKILIGADDA-RAKSHANA-NIDHI.png,Sri Kokkiligadda Rakshana Nidhi,Party: Yuvajana Sramika Rythu Congress Party Constituency: Tiruvuru (SC),"Address: Flat No. S3, Gullapalli Enclave,
Nadim Tiruvuru, Tiruvuru, Krishna District,AP.",Tiruvuru (SC)
https://www.ap.gov.in/wp-content/themes/ap-portal/images/mlas/MEKA-VENKATA-PRATAP-APPARAO.png,Sri Meka Venkata Pratap Apparao,Party: Yuvajana Sramika Rythu Congress Party Constituency: Nuzvid,"Address: D.No.20-4, Dwaraka Complex,Nuzvid,
Krishna District,AP.",Nuzvid
https://www.ap.gov.in/wp-content/themes/ap-portal/images/mlas/VALLABHANENI-VAMSI-MOHAN.png,DR. Vallabhaneni Vamsi Mohan,Party: Telugu Desam Party Constituency:Gannavaram,"Address: D.No.1-150/4B, Gannavaram Mandal,
Krishna District,AP.",Gannavaram
https://www.ap.gov.in/wp-content/themes/ap-portal/images/mlas/KODALI-SRI-VENKATESWARA-RAO.png,Sri Kodali Sri Venkateswara Rao (Nani),Party: Yuvajana Sramika Rythu Congress Party Constituency: Gudivada,"Address:D.No. 10/514/D-4,2nd Line, Rajendranagar,
Gudivada, Krishna District,AP.",Gudivada
https://www.ap.gov.in/wp-content/themes/ap-portal/images/mlas/d nageswara rao.jpg,Sri Dulam Nageswara Rao,Party: Yuvajana Sramika Rythu Congress Party Constituency:Kaikalur,"Address:D.No.20-204, Brahmam gari Temple Street,
Kaikalur Mandal, Krishna District,AP.",Kaikalur
https://www.ap.gov.in/wp-content/themes/ap-portal/images/mlas/jogi ramesh.jpg,Sri Jogi Ramesh,Party: Yuvajana Sramika Rythu Congress Party Constituency:Pedana,"Address:D.No.12-41, Ibrahimpatnam,
Near VTPS, Krishna District,AP.",Pedana
https://www.ap.gov.in/wp-content/themes/ap-portal/images/mlas/perni venkata ramaiah.jpg,Sri Perni Venkata Ramaiah,Party: Yuvajana Sramika Rythu Congress Party Constituency:Machilipatnam,"Address:D.No.23/346, Ramanaidu Peta,
Machilipatnam, Krishna District,AP.",Machilipatnam
https://www.ap.gov.in/wp-content/themes/ap-portal/images/mlas/simhadri ramesh babu.jpg,Sri Simhadri Ramesh Babu,Party: Yuvajana Sramika Rythu Congress Party Constituency:Avanigadda,"Address:D.No.4-156, 4th Ward,Chinthachettu Centre,
Avanigadda Village & Mandal, Krishna District,AP.",Avanigadda
https://www.ap.gov.in/wp-content/themes/ap-portal/images/mlas/kaile anil kumar.jpg,Sri Kaile Anil Kumar,Party: Yuvajana Sramika Rythu Congress Party Constituency: Pamarru (SC),"Address:D.No.14-58, Arandal Pet,
Pamarru , Krishna District,AP.",Pamarru (SC)
https://www.ap.gov.in/wp-content/themes/ap-portal/images/mlas/k partha sarathy.jpg,Sri Kolusu Partha Sarathy,Party: Yuvajana Sramika Rythu Congress Party Constituency:Penamaluru,"Address:Flat.No.105, Dhanalaxmi Towers,
Padmaja nagar, Tadigadapa Village, Penamaluru Mandal , Krishna District,AP.",Penamaluru
https://www.ap.gov.in/wp-content/themes/ap-portal/images/mlas/v srinivasa rao.jpg,Sri Vallempally Srinivasa Rao,"Party:Yuvajana Sramika Rythu Congress Party
Constituency: Vijayawada West","Address:D.No.11-63-63,
Brahmin Street, Vijayawada, Krishna District,Ap.",Vijayawada West
https://www.ap.gov.in/wp-content/themes/ap-portal/images/mlas/malladi vishnu.jpg,Sri Malladi Vishnu,Party: Yuvajana Sramika Rythu Congress Party Constituency:Vijayawada Central,"Address:D.No.43-107/1-62, Vasishta Colony,
Ajith Sing Nagar, Vijayawada, Krishna District,AP.",Vijayawada Central
https://www.ap.gov.in/wp-content/themes/ap-portal/images/mlas/GADDE-RAMA-MOHAN.png,Sri Gadde Rama Mohan,Party: Telugu Desam Party Constituency:Vijayawada East,"Address:D.No.74-20-5B, Raghu Gardens,
Ashok Nagar, Vijayawada, Krishna District,AP.",Vijayawada East
https://www.ap.gov.in/wp-content/themes/ap-portal/images/mlas/v venkata krishna prasad.jpg,Sri Vasantha Venkata Krishna Prasad,Party: Yuvajana Sramika Rythu Congress Party Constituency:Mylavaram,"Address:D.No.2-11/A, Ithavaram,
Nandigama Mandal, Krishna District,AP.",Mylavaram
https://www.ap.gov.in/wp-content/themes/ap-portal/images/mlas/m jagan mohan rao.jpg,Sri Mondithoka Jaganmohan Rao,Party: Yuvajana Sramika Rythu Congress Party Constituency:Nandigama (SC),"Address:Geetha Mandir Road, Rytupet,
Nadigama, Krishna District,AP.",Nandigama (SC)
https://www.ap.gov.in/wp-content/themes/ap-portal/images/mlas/s udaya bhanu.jpg,Sri Samineni Udaya Bhanu,Party: Yuvajana Sramika Rythu Congress Party Constituency:Jaggayyapeta,"Address:D.No.13-52, Prabhat Mansion, Addala Bazar,
Jaggayyapet Town and Mandal, Krishna District,AP.",Jaggayyapeta
https://www.ap.gov.in/wp-content/themes/ap-portal/images/mlas/G brijendra Reddy.jpg,Sri Gangula Brijendra Reddy,Party: Yuvajana Sramika Rythu Congress Party Constituency: Allagadda,"Address:H.No.7-4-62/1, Balaji Nagar,
Allagadda town and Mandal, Kurnool District,AP.",Allagadda
https://www.ap.gov.in/wp-content/themes/ap-portal/images/mlas/Silpa Chakrapani reddy.jpg,Sri Silpa Chakrapani Redyy,Party: Yuvajana Sramika Rythu Congress Party Constituency: Srisailam,"Address:D.No,25/684/150,YSR Congress Party Office,
Ground Floor,Near Indoor Stadium, Padmavathi Nagar,Nandyal,Kurnool Dist,AP.",Srisailam
https://www.ap.gov.in/wp-content/themes/ap-portal/images/mlas/Thoguru Arthur.jpg,Sri Thoguru Arthur,Party: Yuvajana Sramika Rythu Congress Party Constituency: Nandikotkur (SC),"Address:H.No.5-1, Krishna Nagar,
Maddur Vill, Pamulapadu Mandal,Kurnool Dist,AP.",Nandikotkur (SC)
https://www.ap.gov.in/wp-content/themes/ap-portal/images/mlas/Abdul Hafeez Khan.jpg,Sri Abdul Hafeez khan,Party: Yuvajana Sramika Rythu Congress Party Constituency: Kurnool,"Address:H.NO.56-02-228, Old H.No.56/92E,
Roshan Ghat Street, Fort,Kurnool Dist,AP.",Kurnool
https://www.ap.gov.in/wp-content/themes/ap-portal/images/mlas/K ramabhupal reddy.jpg,Sri Katasani Ramabhupal Reddy,Party: Yuvajana Sramika Rythu Congress Party Constituency: Panyam,"Address:D.NO.77/1-7-2-1A,
M.S.Lakshminagar, Kurnool,Kurnool Dist,AP.",Panyam
https://www.ap.gov.in/wp-content/themes/ap-portal/images/mlas/S Ravi chandra kishore Reddy.jpg,Sri Shilpa Ravi Chandra Kishore Reddy,Party: Yuvajana Sramika Rythu Congress Party Constituency: Nandyal,"Address:D.No.25-236-38-B1, Ramanathareddy Nagar,
Near Rythubazar, Nandyal,Kurnool Dist,AP.",Nandyal
https://www.ap.gov.in/wp-content/themes/ap-portal/images/mlas/K Rami Reddy.jpg,Sri Katasani Rami Reddy,Party: Yuvajana Sramika Rythu Congress Party Constituency:Banaganapalle,"Address:H.NO.9-115, Muthumaiah Street,
Banaganapalli,Kurnool Dist,AP.",Banaganapalle
https://www.ap.gov.in/wp-content/themes/ap-portal/images/mlas/BUGGANA-RAJENDRANATH.png,Sri Buggana Rajendranath,Party: Yuvajana Sramika Rythu Congress Party Constituency: Dhone,"Address:H.No.12/76,
Beethamcherla Vill&Post, Kurnool Dist,AP.",Dhone
https://www.ap.gov.in/wp-content/themes/ap-portal/images/mlas/Kangati Sreedevi.jpg,Smt Kangati Sreedevi,Party: Yuvajana Sramika Rythu Congress Party Constituency:Pattikonda,"Address:H.NO.2/71,78/113B,
Krishna Nagar, Kurnool Dist,AP.",Pattikonda
https://www.ap.gov.in/wp-content/themes/ap-portal/images/mlas/jaradoddi Sudhakar.jpg,Sri jaradoddi Sudhakar,Party: Yuvajana Sramika Rythu Congress Party Constituency: Kodumur (SC),"Address:H.NO.2-130, S.H. Yerragudi,
Krishnagiri Mandal, Pattikonda,Kurnool Dist,AP.",Kodumur (SC)
https://www.ap.gov.in/wp-content/themes/ap-portal/images/mlas/Chenna kesava reddy.jpg,Sri Chenna Kesava Reddy,Party: Yuvajana Sramika Rythu Congress Party Constituency:Yemmiganur,"Address:H.NO.2-130, S.H. Yerragudi, Krishnagiri Mandal, Pattikonda,
Kurnool Dist,AP.",Yemmiganur
https://www.ap.gov.in/wp-content/themes/ap-portal/images/mlas/Y-BALANAGIREDDY.png,Sri Y Balanagi Reddy,Party: Yuvajana Sramika Rythu Congress Party Constituency: Mantralayam,"Address:H.NO.2/10,
Thungabhadra (Post), Mantralayam Mandal, Kurnool District,AP.",Mantralayam
https://www.ap.gov.in/wp-content/themes/ap-portal/images/mlas/Y-SAIPRASAD-REDDY.png,Sri Y.Saiprasad Reddy,Party: Yuvajana Sramika Rythu Congress Party Constituency: Adoni,"Address:H.No.21/137/3,S.K.D. Colony,
1st Road, Adoni,AP.",Adoni
https://www.ap.gov.in/wp-content/themes/ap-portal/images/mlas/GUMMANUR-JAYA-RAM.png,Sri Gummanur Jaya Ram,Party: Yuvajana Sramika Rythu Congress Party Constituency: Alur,"Address:2/13, Gummanuru (V), Chippagiri (M),
Aluru (TQ), Kurnool District,AP.",Alur
https://www.ap.gov.in/wp-content/themes/ap-portal/images/mlas/RAMIREDDY-PRATAP-KUMAR-REDDY.png,Sri Ramireddy Pratap Kumar Reddy,Party: Yuvajana Sramika Rythu Congress Party Constituency: Kavali,"Address:D.No.19-1-89,
Opp:- Anjaneya Swamy Temple, Musunuru, Kavali, SPSR Nellore District,AP.",Kavali
https://www.ap.gov.in/wp-content/themes/ap-portal/images/mlas/MEKAPATI-GOUTHAM-REDDY.png,Sri Mekapati Goutham Reddy,Party: Yuvajana Sramika Rythu Congress Party Constituency: Atmakur,"Address:D.No. 2-23-A,
Brahamanapali Village, Marripadu Mandal, SPSR Nellore District,AP.",Atmakur
https://www.ap.gov.in/wp-content/themes/ap-portal/images/mlas/N prasanna kumar reddy.jpg,Sri N.Prasanna Kumar Reddy,Party: Yuvajana Sramika Rythu Congress Party Constituency:Kovur,"Address:D.No.24-1479,
Sujathamma Colony, Dargamitta, Nellore, Spsr Nellore District,AP.",Kovur
https://www.ap.gov.in/wp-content/themes/ap-portal/images/mlas/ANIL-KUMAR-POLUBOINA.png,Sri Anil Kumar Poluboina,Party: Yuvajana Sramika Rythu Congress Party Constituency: Nellore City,"Address:26-1-1591,
B-Block, Iskcon City, Iskcon Temple, SPSR Nellore District,AP.",Nellore City
https://www.ap.gov.in/wp-content/themes/ap-portal/images/mlas/KOTAMREDDY-SRIDHAR-REDDY.png,Sri Kotamreddy Sridhar Reddy,Party: Yuvajana Sramika Rythu Congress Party Constituency: Nellore Rural,"Address:Flat No.104,
Sai Asraya Homes, Childrens Park Road, Aditya Nagar, Nellore City, SPSR Nellore District,AP.",Nellore Rural
https://www.ap.gov.in/wp-content/themes/ap-portal/images/mlas/KakaniGoverdhanReddy.png,Sri Kakani Govardhan Reddy,Party: Yuvajana Sramika Rythu Congress Party Constituency: Sarvepalli,"Address:H.No.1-23,
Thoderu Village, Thoderu Panchayat, Podalakur Mandal, SPSR Nellore District,AP.",Sarvepalli
https://www.ap.gov.in/wp-content/themes/ap-portal/images/mlas/V varaprasada rao.jpg,Sri V.Varaprasad Rao,Party: Yuvajana Sramika Rythu Congress Party Constituency: Gudur (SC),"Address:D.NO.16/629,
Sri Ramanagar Colony, Panagal, Srikalahasti,Chittoor District,AP.",Gudur (SC)
https://www.ap.gov.in/wp-content/themes/ap-portal/images/mlas/SANJEEVAIAH-KILIVETI.png,Sri Sanjeevaiah Kiliveti,Party: Yuvajana Sramika Rythu Congress Party Constituency: Sullurpeta (SC),"Address:D.No.24-6-613,
Milatary Colony, A.K.Nagar, Nellore, SPSR Nellore Dist,AP.",Sullurpeta (SC)
https://www.ap.gov.in/wp-content/themes/ap-portal/images/mlas/Anam ramanarayana reddy.jpg,Sri Anam Ramanarayana Reddy,Party: Yuvajana Sramika Rythu Congress Party Constituency:Venkatagiri,"Address:D.No.8-2-131,
Kamakshi Nagar, Nellore, SPSR Nellore District,AP.",Venkatagiri
https://www.ap.gov.in/wp-content/themes/ap-portal/images/mlas/M chandra sekhar reddy.jpg,Sri Mekapati Chandrasekhar Reddy,Party: Yuvajana Sramika Rythu Congress Party Constituency:Udayagiri,"Address:H.No.2-23-A,
Brahmana Palli Village, Marripadu Mandal, SPSR Nellore District,AP.",Udayagiri
https://www.ap.gov.in/wp-content/themes/ap-portal/images/mlas/audimulapu suresh.jpg,Sri Audimulapu Suresh,Party: Yuvajana Sramika Rythu Congress Party Constituency: Yerragondapalem (SC),"Address:H.No.1-202-H,
Near Water Tank, Chenna Kesava Co-Operative Housing Colony, Markapur, Prakasam Dist,AP.",Yerragondapalem (SC)
https://www.ap.gov.in/wp-content/themes/ap-portal/images/mlas/maddisetty venugopal.jpg,Sri Maddisetty Venugopal,Party: Yuvajana Sramika Rythu Congress Party Constituency:Darsi,"Address: D.No.4-965,
Mahaboob Nagar, Near Jamal Hospital, Kurichedu Road, Darsi, Darsi Mandal, Prakasam Dist,AP.",Darsi
https://www.ap.gov.in/wp-content/themes/ap-portal/images/mlas/YELURI-SAMBASIVA-RAO.png,Sri Yeluri Sambasiva Rao,Party: Telugu Desam Party Constituency:Parchur,"Address:D.No. 3-37A,
Darsi Village, Martur Mandal, Prakasam District,AP.",Parchur
https://www.ap.gov.in/wp-content/themes/ap-portal/images/mlas/gottipati ravikumar.jpg,Sri Gottipati Ravikumar (Bujji),Party: Telugu Desam Party Constituency: Addanki,"Address:D.No.14-62-1,
Pothurajugandi, Addanki Village & Mandal, Prakasam District,Ap.",Addanki
https://www.ap.gov.in/wp-content/themes/ap-portal/images/mlas/karanam balaram.jpg,Sri K.Balarama Krishna Murthy,Party: Telugu Desam Party Constituency: Chirala,"Address:H.No.58-9-6(1),Kamasastry Street, Santhapeta, Ongole, Prakasam District",Chirala
https://www.ap.gov.in/wp-content/themes/ap-portal/images/mlas/tjr sudhakar babu.jpg,Sri T.J.R.Sudhakar Babu,Party: Yuvajana Sramika Rythu Congress Party Constituency: Santhanuthalapadu (SC),"Address:D.No.4-124-44,
Tubadu Village, Nadendla Mandal, Guntur District,AP.",Santhanuthalapadu (SC)
https://www.ap.gov.in/wp-content/themes/ap-portal/images/mlas/balineni srinivasa reddy.jpg,Sri B.Srinivasa Reddy,Party: Yuvajana Sramika Rythu Congress Party Constituency:Ongole,"Address:D.No.01-003-090,
Lawyerpet, Ongole, Prakasam District,AP.",Ongole
https://www.ap.gov.in/wp-content/themes/ap-portal/images/mlas/mangunta maheedhar reddy.jpg,Sri Mangunta Maheedhar Reddy,Party: Yuvajana Sramika Rythu Congress Party Constituency: Kandukur,"Address:Machavaram Village,
Kandukur Mandal, Prakasam District,AP.",Kandukur
https://www.ap.gov.in/wp-content/themes/ap-portal/images/mlas/DOCTOR-DOLA-BALA-VEERANJANEYA-SWAMY.png,DR.Dola Sree Bala Veeranjaneya Swamy,Party: Telugu Desam Party Constituency:Kondapi (SC),"Address:1-143,
Siddhanthigari House,Thurpu Naidupalem, Tangutur (M),Prakasam Dist,AP.",Kondapi (SC)
https://www.ap.gov.in/wp-content/themes/ap-portal/images/mlas/kunduru nagarjuna reddy.jpg,Sri Kunduru Nagrajuna Reddy,Party: Yuvajana Sramika Rythu Congress Party Constituency: Markapuram,"Address:H.NO.1-202-G-1-A,
Chennakesava Nagar, Markapuram, Prakasam District,AP.",Markapuram
https://www.ap.gov.in/wp-content/themes/ap-portal/images/mlas/anna rambabu.jpg,Sri Anna Rambabu,Party: Yuvajana Sramika Rythu Congress Party Constituency: Giddalur,"Address:H.NO.10-104-12A,
Jawaharnagar Colony, Markapur, Prakasam District,AP.",Giddalur
https://www.ap.gov.in/wp-content/themes/ap-portal/images/mlas/burra madhu sudhan yadav.jpg,Sri Burra Madhu Sudhan Yadav,Party: Yuvajana Sramika Rythu Congress Party Constituency:Kanigiri,"Address:H.No.4-43/C,
YSR Bhavan, Pamuru Road, Kanigiri, Prakasam District,AP.",Kanigiri
https://www.ap.gov.in/wp-content/themes/ap-portal/images/mlas/ashok bendalam.jpg,DR Ashok Bendalam,Party: Telugu Desam Party Constituency:Ichchapuram,Address:,Ichchapuram
https://www.ap.gov.in/wp-content/themes/ap-portal/images/mlas/seediri appalaraju.jpg,Sri Seediri Appalaraju,Party: Yuvajana Sramika Rythu Congress Party Constituency:Palasa,Address:,Palasa
https://www.ap.gov.in/wp-content/themes/ap-portal/images/mlas/ATCHANNAIDU-KINJARAPU.png,Sri Atchannaidu Kinjarapu,Party: Telugu Desam Party Constituency:Tekkali,Address:,Tekkali
https://www.ap.gov.in/wp-content/themes/ap-portal/images/mlas/reddy shanthi.jpg,Smt Reddy Shanthi,Party: Yuvajana Sramika Rythu Congress Party Constituency: Pathapatnam,"Address:177819-17,Sarali",Pathapatnam
https://www.ap.gov.in/wp-content/themes/ap-portal/images/mlas/dharamana prasada rao.jpg,Sri Dharamana Prasad Rao,Party: Yuvajana Sramika Rythu Congress Party Constituency:Srikakulam,"Address:D.No.5-310,NH-16,",Srikakulam
https://www.ap.gov.in/wp-content/themes/ap-portal/images/mlas/thammineni seetharam.jpg,Sri Thammineni Seetharam,Party: Yuvajana Sramika Rythu Congress Party Constituency:Amadalavalasa,"Address:Near MRO Office,",Amadalavalasa
https://www.ap.gov.in/wp-content/themes/ap-portal/images/mlas/gorle kiran kumar.jpg,Sri Gorle Kiran Kumar,Party: Yuvajana Sramika Rythu Congress Party Constituency:Etcherla,"Address:Patharlapalli(Vill),
Ranasthalam(Mandal), Srikakulam District,Ap",Etcherla
https://www.ap.gov.in/wp-content/themes/ap-portal/images/mlas/dharmana krishna das.jpg,Sri Dharmana Krishna Das,Party: Yuvajana Sramika Rythu Congress Party Constituency:Narasannapeta,"Address:D.No.1-325,
Mabagam (Vill) Polaki (Mandal), Srikakulam District,AP",Narasannapeta
https://www.ap.gov.in/wp-content/themes/ap-portal/images/mlas/kambala jogulu.jpg,Sri Kambala Jogulu,Party: Yuvajana Sramika Rythu Congress Party Constituency: Rajam (SC),"Address: Ramnagar veedhi, Saradhi Village,
Rajam Mandal,Srikakulam District,AP",Rajam (SC)
https://www.ap.gov.in/wp-content/themes/ap-portal/images/mlas/viswasarayi kalavathi.jpg,Smt Viswasarayi Kalavathi,Party: Yuvajana Sramika Rythu Congress Party Constituency: Palakonda (ST),"Address: Main Street, Vanduva Village,
Veeraghattam Mandal, Srikakulam District,AP",Palakonda (ST)
https://www.ap.gov.in/wp-content/themes/ap-portal/images/mlas/muttamsetti srinivasa rao.jpg,Sri Muttamsetti Srinivasa Rao,Party: Yuvajana Sramika Rythu Congress Party Constituency:Bhimili,"Address:D.No.13-27-23, Near Old Bus Stand,
Bhimili, Visakhapatnam District,AP.",Bhimili
https://www.ap.gov.in/wp-content/themes/ap-portal/images/mlas/ramakrishna babu velagapudi.jpg,Sri Ramakrishna Babu Velagapudi,Party: Telugu Desam Party Constituency:Visakhapatnam East,"Address: DO.No 1-93-11/2,
LIG 74,Sector 5,M.V.P. Colony,Visakhapatnam,AP.",Visakhapatnam East
https://www.ap.gov.in/wp-content/themes/ap-portal/images/mlas/vasupalli ganesh kumar.jpg,Sri Vasupalli Ganesh Kumar,Party: Telugu Desam Party Constituency:Visakhapatnam South,"Address: D.No.38-35-7, Ranapratap nagar,
Marripalem Vishakhapatnam District,AP.",Visakhapatnam South
https://www.ap.gov.in/wp-content/themes/ap-portal/images/mlas/ganta srinivasa rao.jpg,Sri Ganta Srinivasa Rao,Party: Telugu Desam Party Constituency:Visakhapatnam North,"Address:Door No.1-84-16/1 Plot.No.231, Sector 4,
MVP Colony,Vishakhapatnam District",Visakhapatnam North
https://www.ap.gov.in/wp-content/themes/ap-portal/images/mlas/p.g.v.r naidu.jpg,Sri P.G.V.R. Naidu (Gana Babu),Party: Telugu Desam Party Constituency:Visakhapatnam West,"Address:D.No.7-57/1, Main Road,
Gopalapatnam, Vishakhapatnam District,AP.",Visakhapatnam West
https://www.ap.gov.in/wp-content/themes/ap-portal/images/mlas/tippala nagireddy.jpg,Sri Tippala Nagireddy,Party: Yuvajana Sramika Rythu Congress Party Constituency:Gajuwaka,"Address: 22-89-7,Siddeswaram,
Opp. Fire Station ,Pedagamtyda,Vizag",Gajuwaka
https://www.ap.gov.in/wp-content/themes/ap-portal/images/mlas/karanam dharmasri.jpg,Sri Karanam Dharmasri,Party: Yuvajana Sramika Rythu Congress Party Constituency:Chodavaram,"Address:LIG � 518,Vuda colony,
Vinayaka Nagar, Gajuwaka. Visakapatnam District.",Chodavaram
https://www.ap.gov.in/wp-content/themes/ap-portal/images/mlas/budi mutyala naidu.jpg,Sri Budi Mutyala Naidu,Party: Yuvajana Sramika Rythu Congress Party Constituency: Madugula,"Address:Taruva Village/Post,
Devarapalli Mandal, Visakapatnam District,AP.",Madugula
https://www.ap.gov.in/wp-content/uploads/2018/11/chetti palguna.jpg,Sri Chetti Palguna,Party: Yuvajana Sramika Rythu Congress Party Constituency: Araku Valley (ST),"Address:H.No.1-40,Seekari Village and Post, Pedabayalu Mandal, Visakhapatnam Dist,AP.",Araku Valley (ST)
https://www.ap.gov.in/wp-content/themes/ap-portal/images/mlas/kottagullu bhagya lakshmi.jpg,Smt K.Bhagya Lakshmi,Party: Yuvajana Sramika Rythu Congress Party Constituency: Paderu (ST),"Address: Opp: C.A.H. School,
Paderu Village, Post,Mandal Vishakhapatnam District,AP.",Paderu (ST)
https://www.ap.gov.in/wp-content/themes/ap-portal/images/mlas/gudivada amarnath.jpg,Sri Gudivada Amarnath,Party: Yuvajana Sramika Rythu Congress Party Constituency:Anakapalle,"Address:Door.No.2-25-16,
Mindi Village and Post Vishakhapatnam District,AP.",Anakapalle
https://www.ap.gov.in/wp-content/themes/ap-portal/images/mlas/annamreddy adeep raj.jpg,Sri Annamreddy Adeep Raj,Party: Yuvajana Sramika Rythu Congress Party Constituency:Pendurthi,"Address:D.No. 11-42, Chakala Street,
Ramapuram Village, Pendurthi Mandal, Vishakhapatnam District,AP.",Pendurthi
https://www.ap.gov.in/wp-content/themes/ap-portal/images/mlas/uppalapati venkata ramanamurthy raju.jpg,Sri U.Venkata Ramanamurthy Raju,Party: Yuvajana Sramika Rythu Congress Party Constituency:Yelamanchili,"Address:Door.No.50-1-59/2/5,
A.S.R Nagar,Seethammadara, Vishakhapatnam District,AP.",Yelamanchili
https://www.ap.gov.in/wp-content/themes/ap-portal/images/mlas/golla babu rao.jpg,Sri Golla Babu Rao,Party: Yuvajana Sramika Rythu Congress Party Constituency:Payakaraopet (SC),"Address:D.No.55-41-4/4/4, Flat No.401,Visakha Heights, Ambedkar Nagar, Seethammadhara, Vishakhapatnam,AP.",Payakaraopet (SC)
https://www.ap.gov.in/wp-content/themes/ap-portal/images/mlas/petla uma sankara ganesh.jpg,Sri P.Uma Sankara Ganesh,Party: Yuvajana Sramika Rythu Congress Party Constituency:Narsipatnam,"Address:Pedabuddepalli ,
Narsipatnam Municipality,Visakhapatnam Dist",Narsipatnam
https://www.ap.gov.in/wp-content/themes/ap-portal/images/mlas/pamula pushpa sreevani.jpg,Smt Pamula Pushpa Sreevani,Party: Yuvajana Sramika Rythu Congress Party Constituency: Kurupam (ST),"Address: D.No.1-41 , Chinna Merangi Village,
Jiyamavalsa (M), Vijayanagaram District,AP.",Kurupam (ST)
https://www.ap.gov.in/wp-content/themes/ap-portal/images/mlas/alajangi jogarao.jpg,Sri Alajangi Jogarao,Party: Yuvajana Sramika Rythu Congress Party Constituency:Parvathipuram (SC),"Address: Indira Nagar Colony,Chilakalapalli Village,
Balijipeta Mandal Vizianagaram district,AP.",Parvathipuram (SC)
https://www.ap.gov.in/wp-content/themes/ap-portal/images/mlas/RAJANNA-DORA-PEEDIKA.png,Sri Rajanna Dora Peedika,Party: Yuvajana Sramika Rythu Congress Party Constituency: Salur (ST),"Address:D.No.30-2-406A,
Official Colony-Rama Colony, Near Judge Court,Salur, Vizianagaram District,AP.",Salur (ST)
https://www.ap.gov.in/wp-content/themes/ap-portal/images/mlas/venkata china appala naidu.jpg,Sri S.Venkata China Appala Naidu,Party: Yuvajana Sramika Rythu Congress Party Constituency: Bobbili,"Address: Door No.5-58,
Pedda veedhi, Pakki Village, Bobbili Mandal, Vizianagaram district,AP",Bobbili
https://www.ap.gov.in/wp-content/themes/ap-portal/images/mlas/botcha satyanarayana.jpg,Sri Botcha Satyanarayana,Party: Yuvajana Sramika Rythu Congress Party Constituency: Cheepurupalle,"Address:D.No. 16-3-29, Korada veedhi,
Vizianagaram Dist,AP.",Cheepurupalle
https://www.ap.gov.in/wp-content/themes/ap-portal/images/mlas/botcha appala narasayya.jpg,Sri Botcha Appala Narasaiah,Party:Yuvajana Sramika Rythu Congress Party Constituency: Gajapathinagaram,"Address:Mandalavari Colony, Puriti Penta,
Gajapathi Nagarm Vizianagaram district,AP.",Gajapathinagaram
https://www.ap.gov.in/wp-content/themes/ap-portal/images/mlas/baddukonda appala naidu.jpg,Sri Baddukonda Appala Naidu,Party: Yuvajana Sramika Rythu Congress Party Constituency: Nellimarla,"Address:D.No.3-44, Mopada Village,
Denkada Mandal, Viziangaram district,AP.",Nellimarla
https://www.ap.gov.in/wp-content/themes/ap-portal/images/mlas/kolagatla veerabhadra swamy.jpg,Sri K.Veerabhadra Swamy,Party: Yuvajana Sramika Rythu Congress Party Constituency: Vizianagaram,"Address:H.No.20-18,Plot No. 5, Vinayak Nagar,
Ring Road Near Shiridi Sai Temple, Vizianagaram district,AP.",Vizianagaram
https://www.ap.gov.in/wp-content/themes/ap-portal/images/mlas/kadubandi srinivasa rao.jpg,Sri Kadubandi Srinivasa Rao,Party: Yuvajana Sramika Rythu Congress Party Constituency: Srungavarapukota,"Address:Address : Plot No.2101,Narayandri Block ,
Near ACB Office,Srinivasa Grand City
,Gollapudi,Vijayawada,AP.",Srungavarapukota
https://www.ap.gov.in/wp-content/themes/ap-portal/images/mlas/taneti vanita.jpg,Smt Taneti Vanita,Party: Yuvajana Sramika Rythu Congress Party Constituency: Kovvur (SC),"Address:D.No.4-2-66/3,
Kovvur Village, West Godavari District,AP.",Kovvur (SC)
https://www.ap.gov.in/wp-content/themes/ap-portal/images/mlas/srinivasa naidu.jpg,Sri G.Srinivas Naidu,Party: Yuvajana Sramika Rythu Congress Party Constituency: Nidadavole,"Address:D.No. 2-12-7, Patimeeda,Ganesh Chowk,
Nidadavole,West Godavari District,AP.",Nidadavole
https://www.ap.gov.in/wp-content/themes/ap-portal/images/mlas/sri ranganatha raju.jpg,Sri Cherukuwada Sri Ranganatha Raju,Party: Yuvajana Sramika Rythu Congress Party Constituency: Achanta,"Address:D.No. 2-86/1, Main Road,
Thurupalem Village, Poduru Mandal, West Godavari District,AP.",Achanta
https://www.ap.gov.in/wp-content/themes/ap-portal/images/mlas/NIMMALA-RAMA-NAIDU.png,Dr.Nimmala Ramanaidu,Party: Telugu Desam Party Constituency: Palakollu,"Address:D.No.3-16, Agarthipalem,
Palakol Mandal, West Godavari District,AP.",Palakollu
https://www.ap.gov.in/wp-content/themes/ap-portal/images/mlas/naga raja vara prasada raju.jpg,Sri Mudunuri Naga Raja Varaprasad Raju,Party: Yuvajana Sramika Rythu Congress Party Constituency: Narasapuram,"Address:D.No.3-5-16/1-1,Panti Revu, 4th Ward,
Madhavaya palem, Narasapuram town, West Godavari District,AP.",Narasapuram
https://www.ap.gov.in/wp-content/themes/ap-portal/images/mlas/grandhi srinivas.jpg,Sri Grandhi Srinivas,Party: Yuvajana Sramika Rythu Congress Party Constituency: Bhimavaram,"Address: D.No.17-7-35, Nayeevari Street,
Near New Bus Stand, Bhimavaram, West Godavari District,AP.",Bhimavaram
https://www.ap.gov.in/wp-content/themes/ap-portal/images/mlas/mantena ramaraju.jpg,Sri Mantena Ramaraju,Party: Telugu Desam Party Constituency: Undi,"Address:D.No. 3-32, Kalavapudi Garuvu,
Kalavapudi village, Kalla Mandal, West Godavari District,AP.",Undi
https://www.ap.gov.in/wp-content/themes/ap-portal/images/mlas/k venkata nageswara rao.jpg,Sri K.Venkata Nageswara Rao,Party: Yuvajana Sramika Rythu Congress Party Constituency: Tanuku,"Address:D.No.21-48, Akulavari Street,
Attili Village,, Attili Mandal, West Godavari District,AP.",Tanuku
https://www.ap.gov.in/wp-content/themes/ap-portal/images/mlas/k satyanarayana.jpg,Sri K. Satyanarayana,Party: Yuvajana Sramika Rythu Congress Party Constituency: Tadepalligudem,"Address:D.No.14-4-9, Geethamandir Street,
Opp. RTC Bus Complex, Tadepalligudem, West Godavari District,AP.",Tadepalligudem
https://www.ap.gov.in/wp-content/themes/ap-portal/images/mlas/puppala srinivasa rao.jpg,Sri P.Srinivasa Rao,Party: Yuvajana Sramika Rythu Congress Party Constituency: Ungutur,"Address: D.No. 4-84/1,Sankuvari Veedi,
Buvvanapalli Village, Nidamarru Mandal, West Godavari District,AP.",Ungutur
https://www.ap.gov.in/wp-content/themes/ap-portal/images/mlas/k abbaya chowdary.jpg,Sri Kothari Abbaya Chowdary,Party: Yuvajana Sramika Rythu Congress Party Constituency: Denduluru,"Address:D.No. 1-1, Kondalavaopalem Village,
Pedavegi Mandal, West Godavari District,AP.",Denduluru
https://www.ap.gov.in/wp-content/themes/ap-portal/images/mlas/alla kali krishna srinivas.jpg,Sri Alla Kali Krishna Srinivas,Party: Yuvajana Sramika Rythu Congress Party Constituency: Eluru,"Address:D.No.11-70/2, 11th Road, Sriram nagar,
Sanivarapu Peta, Eluru, West Godavari District,AP.",Eluru
https://www.ap.gov.in/wp-content/themes/ap-portal/images/mlas/talari venkatarao.jpg,Sri Talari Venkatrao,Party: Yuvajana Sramika Rythu Congress Party Constituency: Gopalapuram (SC),"Address:D.No.5-134,Opp Union Bank, Main Road,
Devarapalli Village & Mandal, West Godavari District,AP.",Gopalapuram (SC)
https://www.ap.gov.in/wp-content/themes/ap-portal/images/mlas/tellam bala raju.jpg,Sri Tellam Bala Raju,Party: Yuvajana Sramika Rythu Congress Party Constituency: Polavaram (ST),"Address:Duddukuru Village,
Doramamidipotta, Buttaigudem Mandal ,West Godavari Dist,AP.",Polavaram (ST)
https://www.ap.gov.in/wp-content/themes/ap-portal/images/mlas/vunnamatla eliza.jpg,Sri Vunnamatla Eliza,Party: Yuvajana Sramika Rythu Congress Party Constituency: Chintalapudi (SC),"Address:D.No.12-160, Nandamuri Vidya Nagar Colony,
Chintalapudi,West Godavari District,AP.",Chintalapudi (SC)
